time,deltaX,deltaY
18.149558,72,6
18.254763,79,-3
18.355219,59,0
18.455477,52,-3
18.564900,80,-2
18.665371,78,1
18.777878,76,4
18.877880,77,15
18.978093,85,14
19.089552,86,12
19.189959,64,6
19.299912,82,5
19.400324,70,10
19.500525,78,7
19.610498,87,11
19.710912,86,5
19.823225,90,17
19.923726,81,11
20.023917,66,7
20.135915,86,8
20.236437,67,6
20.347027,88,7
20.447071,71,7
20.620508,136,20
20.720876,90,15
20.821416,92,15
20.921537,67,15
21.022000,72,6
21.122470,64,7
21.222823,67,-2
