time (s),wx (rad/s),wy (rad/s)
0.000000,0.000000,0.000000
0.010000,2.094395,0.000000
0.020000,-2.094395,1.047198
0.030000,0.000000,-0.698132
0.040000,1.570796,1.047198
