time (s),height (mm)
0.000000,71.483000
0.010000,69.010000
0.020000,67.773000
