time,height
25.784595,1166.114000
26.035056,1198.472000
26.285821,1164.665000
26.536144,1166.114000
26.786146,1139.068000
27.041663,1127.477000
27.303840,1092.221000
27.554084,1079.181000
27.804209,1069.280000
28.059318,1082.803000
28.309586,1080.388000
28.559586,1058.413000
28.812862,1072.661000
29.062994,1053.825000
29.313332,1073.627000
29.566954,1057.206000
