time,height
15.289940,1170.702000
15.543138,1125.062000
15.793450,1112.747000
16.043658,1105.261000
16.297224,1113.230000
16.547678,1069.280000
16.797956,1082.561000
17.048253,1084.735000
17.305942,1071.453000
17.556083,1069.280000
17.806591,1094.152000
18.062483,1093.428000
18.312868,1102.121000
