time (s),v_x (mm/s),v_y (mm/s)
0.000000,0.000000,0.000000
0.010000,144.534199,0.000000
0.020000,-141.943432,70.971750
